{
      "documentation_url": "https://documentation.bold-themes.com/amwerk/getting-started/",
      "support_url": "https://boldthemes.ticksy.com/",
      "xls": [
        { 
          "name": "hamburg.WordPress.2024-05-28.xml",
          "title": "Hamburg Demo",
          "img": "hamburg.jpg",
          "url": "https://amwerk.bold-themes.com/hamburg/",
          "hpno": 3
        },
        { 
          "name": "berlin.WordPress.2024-05-28.xml",
          "title": "Berlin Demo",
          "img": "berlin.jpg",
          "url": "https://amwerk.bold-themes.com/berlin/",
          "hpno": 3
        },
        { 
          "name": "munich.WordPress.2024-05-28.xml",
          "title": "Munich Demo",
          "img": "munich.jpg",
          "url": "https://amwerk.bold-themes.com/munich/",
          "hpno": 1
        }
      ] 
  }